<?xml version="1.0" encoding="UTF-8"?>
<!DOCTYPE log4j:configuration SYSTEM
          "http://logging.apache.org/log4j/1.2/apidocs/org/apache/log4j/xml/doc-files/log4j.dtd">
<log4j:configuration xmlns:log4j="http://jakarta.apache.org/log4j/">
<appender name="Appender1" class="org.apache.log4j.ConsoleAppender">
<layout class="org.apache.log4j.PatternLayout">
<param name="ConversionPattern" value="%-7p %d [%t] %c %x - %m%n" />
</layout>
</appender>
<appender name="Appender2" class="org.apache.log4j.FileAppender">
<param name="File" value="c:/project/logs/Loan.log" />
<layout class="org.apache.log4j.PatternLayout">
<param name="ConversionPattern" value="%-7p %d [%t] %c %x - %m%n" />
</layout>
</appender>
<logger name="com.hcl.accounts">
<level value="DEBUG" />
<appender-ref ref="Appender1" />
<appender-ref ref="Appender2" />
</logger>
<root>
<level value="INFO" />
<appender-ref ref="Appender1" />
</root>
</log4j:configuration>
